CODE;LIBELLE;LIBELLE COMMERCIAL;LIBELLE ETENDU;EAN;PCB;UNITE PRIX;UNITE COMMANDE;TYPE;SITE PRODUCTION;VALIDITE;CATEGORIE
A0000;EAU;EAU;;;0000;;;ACH;;E;
A0001;BAC A GLACE 5 L (unité);;;;0000;;;ACH;;E;
A0002;CHARME CUP CC 120 TRANSPARENT;;;;0000;;;ACH;;E;
A0003;COUV BAC A GLACE 5 L (unité);;;;0000;;;ACH;;E;
A0004;FRAISE ENTIERE 1K PONTHIER;;;;0000;;;ACH;;E;
A0005;FRAISE ENTIERE PONTHIER CT10K;;;;0000;;;ACH;;E;
A0006;MELANGE FRUIT ROUG PONTHIER 1K;;;;0000;;;ACH;;E;
A0007;FRITES 9/9 CRUES SOUS VIDE;;;;0000;;;ACH;;E;
A0008;POMME DE TERRE EPLUCHEE 5K;;;;0000;;;ACH;;E;
A0009;GENOISE FEUILLE CONGELE;;;;0000;;;ACH;;E;
A0010;PLAQUE FEUILLETAGE 40*60 X 15;;;;0000;;;ACH;;E;
A0011;SCOOTCH TRANSPARENT CT 72;;;;0000;;;ACH;;E;
A0012;SAC 200X300 MM SS VIDE CT 1000;;;;0000;;;ACH;;E;
A0013;SAC 200X300X70 CM IMP CT 100;;;;0000;;;ACH;;E;
A0014;SAC 250X300 MM SS VIDE CT 1000;;;;0000;;;ACH;;E;
A0015;SAC 250X350 MM SS VIDE CT 1000;;;;0000;;;ACH;;E;
A0016;SAC 250X300X70 CM IMP CT 100;;;;0000;;;ACH;;E;
A0017;SAC 250X350X70 CM IMP CT 100;;;;0000;;;ACH;;E;
A0018;SAC 300X300 MM SS VIDE CT 1000;;;;0000;;;ACH;;E;
A0019;SAC 300X400 MM SS VIDE CT 500;;;;0000;;;ACH;;E;
A0020;SAC 400X500 MM SS VIDE CT 500;;;;0000;;;ACH;;E;
A0021;SAC 400X600 MM SS VIDE CT 250;;;;0000;;;ACH;;E;
A0022;CART DOUBLE EPAISSEUR (unité);;;;0000;;;ACH;;E;
A0023;CARTON KIT DESSUS DESSOUS;;;;0000;;;ACH;;E;
A0024;CARTON KRAFT DIM 600X400X120;;;;0000;;;ACH;;E;
A0025;CARTON INT/EXT 600X400 CT1000;;;;0000;;;ACH;;E;
A0026;CARTON DESSU PLAT KIT FON COUV;;;;0000;;;ACH;;E;
A0027;CARTON DOUBLE EPAISSEUR BLANC;;;;0000;;;ACH;;E;
A0028;RIZ BASM SCH 5 KG INDIA TODAY;;;;0000;;;ACH;;E;
A0029;BRISURES DE FRAMBOISE 5X1KG;;;;0000;;;ACH;;E;
A0030;FRAMBOISE BRISURES 1KG SURG;;;;0000;;;ACH;;E;
A0031;COCKTAIL DE FRUITS ROUGES 1K;;;;0000;;;ACH;;E;
A0032;MELANGE FRUIT ROUGE SURG 5X1KG;;;;0000;;;ACH;;E;
A0033;CHARBON BIO;;;;0000;;;ACH;;E;
A0034;PAPIER CUISSON PAQUET X500;;;;0000;;;ACH;;E;
A0035;POCHE PATISSIER 54X30 PQT 100;;;;0000;;;ACH;;E;
A0036;SIROP GLUCOSE SEAU 7 KG;;;;0000;;;ACH;;E;
A0037;SUCRE CRISTAL SAC 25 KG;;;;0000;;;ACH;;E;
A0038;SUCRE GRAINS N°10 SAC 10 KG;;;;0000;;;ACH;;E;
A0039;SUCRE ROUX SAC 25KG;;;;0000;;;ACH;;E;
A0040;TRIMOLINE SEAU 16 KG;;;;0000;;;ACH;;E;
A0041;AMANDE EFFILEE;;;;0000;;;ACH;;E;
A0042;AMANDE HACHEE SACHET 1 KG;;;;0000;;;ACH;;E;
A0043;AMANDE POUDRE BLANCHE CT 10 K;;;;0000;;;ACH;;E;
A0044;BASE HELBA C10 KG CRESCO;;;;0000;;;ACH;;E;
A0045;BEURRE DOUX MOTTE 10KG;;;;0000;;;ACH;;E;
A0046;BEURRE DOUX MOTTE 25KG;;;;0000;;;ACH;;E;
A0047;BOMBE SPRAY AEROSOL 600ML X 6;;;;0000;;;ACH;;E;
A0048;BOITE PIZZA RECTANGLE GRAND;;;;0000;;;ACH;;E;
A0049;BOITE PIZZA RECTANGLE PETIT;;;;0000;;;ACH;;E;
A0050;CACAO POUDRE PLEIN AROME 2.5 K;;;;0000;;;ACH;;E;
A0051;CACAO POUDRE 20-22 SACHET 1 KG;;;;0000;;;ACH;;E;
A0052;CACAO POUDRE 20-22 SEAU 3 KG;;;;0000;;;ACH;;E;
A0053;COCO RAPE;;;;0000;;;ACH;;E;
A0054;COPEAUX LAMY BLC 2 5KG BARRY;;;;0000;;;ACH;;E;
A0055;COPEAUX LAMY NOIR 2 5KG BARRY;;;;0000;;;ACH;;E;
A0056;COUV BOITE SUSHI X32 210X210;;;;0000;;;ACH;;E;
A0057;COUVERTUR IVOIRE 10K SCHOKIMA;;;;0000;;;ACH;;E;
A0058;COUVERTUR LACTE 34% 10K SCHOKI;;;;0000;;;ACH;;E;
A0059;COUVERTUR NOIR 58% 10K SCHOKI;;;;0000;;;ACH;;E;
A0060;CREME FRAICHE 10 L 30% MG;;;;0000;;;ACH;;E;
A0061;FILM PALETTE 450MM X 300MM;;;;0000;;;ACH;;E;
A0062;FONDANT BLANC SEAU 15KG;;;;0000;;;ACH;;E;
A0063;GLUCOSE DESHYDRATE SEAU 5KG;;;;0000;;;ACH;;E;
A0064;GLUCOSE SIROP SEAU 15KG;;;;0000;;;ACH;;E;
A0065;GOUTTE CHOCOLAT 44% 25KG;;;;0000;;;ACH;;E;
A0066;GOUTTE CHOCOLAT BLANC SO 5 KG;;;;0000;;;ACH;;E;
A0067;GOUTTE CHOCOLAT BRIOCH SAC 25K;;;;0000;;;ACH;;E;
A0068;KIT PAR DESSER RON 120X120 H35;;;;0000;;;ACH;;E;
A0069;LEVURE CHIMIQUE POT KG;;;;0000;;;ACH;;E;
A0070;NAPPAGE BLOND SEAU 14 KG;;;;0000;;;ACH;;E;
A0071;NOISETTES ENTIERES 13/15 1KG;;;;0000;;;ACH;;E;
A0072;NOIX COCO RAPEE SAC 1 KG SAC;;;;0000;;;ACH;;E;
A0073;PAPIER CUISSON 60 X 40 (500U);;;;0000;;;ACH;;E;
A0074;PASTA PISTACHE ITALIE CRESCO;;;;0000;;;ACH;;E;
A0075;PATE A GLACER IVOIRE 10 KG;;;;0000;;;ACH;;E;
A0076;PISTACHES HACHEES SACHET 1KG;;;;0000;;;ACH;;E;
A0077;PLAQUE OR 60X40 PAQUET 25;;;;0000;;;ACH;;E;
A0078;POT+COUV A TARTINER 250M 247U;;;;0000;;;ACH;;E;
A0079;POUDRE CREME A FROID DETHM 20K;;;;0000;;;ACH;;E;
A0080;POUDRE CREME A CHAUD 25K CONFI;;;;0000;;;ACH;;E;
A0081;POUDRE LAIT 0% SANS LEC. 25KG;;;;0000;;;ACH;;E;
A0082;PRALINE AMANDE/NOISETTE 6KG;;;;0000;;;ACH;;E;
A0083;PRALINES ROSE CONCASSEES 5 K;;;;0000;;;ACH;;E;
A0084;ROND UNI OR 20CM / 100;;;;0000;;;ACH;;E;
A0085;SORBITOL;;;;0000;;;ACH;;E;
A0086;SUCRE BLANC 25 KG;;;;0000;;;ACH;;E;
A0087;SUCRE CASSONNADE SAC 25 KG;;;;0000;;;ACH;;E;
A0088;SUCRE CRISTAL FIN N°2 SAC 25 K;;;;0000;;;ACH;;E;
A0089;SUCRE GLACE SAC 10K ST L AMID;;;;0000;;;ACH;;E;
A0090;SUCRE GRAIN N10 SAC 10K PERLE;;;;0000;;;ACH;;E;
A0091;SUCRE NEIGE NEUCHNEE 10KG;;;;0000;;;ACH;;E;
A0092;SUCRE ROUX 25KG;;;;0000;;;ACH;;E;
A0093;BTE SUSHI 12/16 221X138X20 400;;;;0000;;;ACH;;E;
A0094;BTE SUSHI 24 256X158X22 200U;;;;0000;;;ACH;;E;
A0095;BTE SUSHI X32 210X210 CT200;;;;0000;;;ACH;;E;
A0096;BTE SUSHI 4 140X80X200 800U;;;;0000;;;ACH;;E;
A0097;BTE SUSHI 8 220X90X20 400U;;;;0000;;;ACH;;E;
A0098;TRIMOLINE SEAU 7 KGS LEBBE G.S;;;;0000;;;ACH;;E;
A0099;BLANC POULET VRC KO TRANCHE;;;;0000;;;ACH;;E;
A0100;CUISSE POULET JAUNE S/OS KG;;;;0000;;;ACH;;E;
A0101;ESCALOPE JAUNE VRAC;;;;0000;;;ACH;;E;
A0102;ETIQ OREILL JAUN 297X70 CT3750;;;;0000;;;ACH;;E;
A0103;ETIQ OREILL MAUV 297X70 CT3750;;;;0000;;;ACH;;E;
A0104;ETIQ OREILL VERT 297X70 CT3750;;;;0000;;;ACH;;E;
A0105;ETIQ OREILL BLEU 297X70 CT3750;;;;0000;;;ACH;;E;
A0106;PILON POULET JAUNE VRC;;;;0000;;;ACH;;E;
A0107;SAUCISSE FUMEE DE PLT VRAC KG;;;;0000;;;ACH;;E;
A0108;VIANDE HACHEE POULET JAUNE  KG;;;;0000;;;ACH;;E;
A0109;SAC BLEU TRANSLUCIDE - CT 200U;;;;0000;;;ACH;;E;
A0110;BOBINE DEVIDAGE NON RECYLE X6;;;;0000;;;ACH;;E;
A0111;BOBINE DEVIDAGE RECYCLE X6;;;;0000;;;ACH;;E;
A0112;BROSSE A MAIN;;;;0000;;;ACH;;E;
A0113;CHARLOTTE ACCORDÉON X100;;;;0000;;;ACH;;E;
A0114;CHIFFONNETTE MICROFIBRE S;;;;0000;;;ACH;;E;
A0115;CREME A RECURER ELICREME;;;;0000;;;ACH;;E;
A0116;DASR 1 L;;;;0000;;;ACH;;E;
A0117;DASR 5 L;;;;0000;;;ACH;;E;
A0118;DESODORISANT CITRON 750ML;;;;0000;;;ACH;;E;
A0119;ELIGERM 3000 DDM 5L;;;;0000;;;ACH;;E;
A0120;ELIGERM LLA 5L;;;;0000;;;ACH;;E;
A0121;ELINOX AEROSOL 500ML;;;;0000;;;ACH;;E;
A0122;ELIPRO DS+ 5L;;;;0000;;;ACH;;E;
A0123;ELIPRO PASTILLE DE CHLORE 1KG;;;;0000;;;ACH;;E;
A0124;ELIRAMPANT 750ML;;;;0000;;;ACH;;E;
A0125;ELITARTRE 5L;;;;0000;;;ACH;;E;
A0126;ELIVOLANT 750ML;;;;0000;;;ACH;;E;
A0127;ELIWC GEL 1L;;;;0000;;;ACH;;E;
A0128;GANT LATEX NN POUDR S/M/L X100;;;;0000;;;ACH;;E;
A0129;GANT VINYL POUDRE S/M/L X100;;;;0000;;;ACH;;E;
A0130;KIT VISITEUR;;;;0000;;;ACH;;E;
A0131;LAVE BROSSE SOL BLEU 30CM;;;;0000;;;ACH;;E;
A0132;LAVETTE AJOUREE COULEURS X25;;;;0000;;;ACH;;E;
A0133;MANCHE ALIMENTAIRE BLANC;;;;0000;;;ACH;;E;
A0134;PAPIER HYGIENIQUE MAX JUMBO X6;;;;0000;;;ACH;;E;
A0135;RACLETTE MOUSSE BLANCHE 55CM;;;;0000;;;ACH;;E;
A0136;SAC POUBELLE TRANSP 200L X200;;;;0000;;;ACH;;E;
A0137;SANET DDM 5L;;;;0000;;;ACH;;E;
A0138;SANET VAISSELLE CITRON 5L;;;;0000;;;ACH;;E;
A0139;SANET VITRES 5L;;;;0000;;;ACH;;E;
A0140;SURCHAUSSURE X100;;;;0000;;;ACH;;E;
A0141;TABLIER PLASTIQUE HOMME X100;;;;0000;;;ACH;;E;
A0142;TAMPON VERT PM X 10;;;;0000;;;ACH;;E;
A0143;ETIQ SUSHI MARKET 50X25 P/5000;;;;0000;;;ACH;;E;
A0144;ETIQ VIERGE 47 5X80 P/700 CT30;;;;0000;;;ACH;;E;
A0145;ETIQUETTE VIERGE52X26 P/2000;;;;0000;;;ACH;;E;
A0146;BOL SAUCE 1 OZ 30ML + COUV;;;;0000;;;ACH;;E;
A0147;BOL SAUCE 2 OZ 50ML + COUV;;;;0000;;;ACH;;E;
A0148;BOCAL 250G X CAPS;;;;0000;;;ACH;;E;
A0149;ANANAS;;;;0000;;;ACH;;E;
A0150;AUBERGINE;;;;0000;;;ACH;;E;
A0151;BANANE JAUNE;;;;0000;;;ACH;;E;
A0152;BETTERAVE;;;;0000;;;ACH;;E;
A0153;BREDE;;;;0000;;;ACH;;E;
A0154;BUTTERNUT;;;;0000;;;ACH;;E;
A0155;CAROTTE IMPORT;;;;0000;;;ACH;;E;
A0156;CHOU VERT;;;;0000;;;ACH;;E;
A0157;CHOUCHOU;;;;0000;;;ACH;;E;
A0158;CITRON JAUNE;;;;0000;;;ACH;;E;
A0159;CONCOMBRE SOUS SERRE;;;;0000;;;ACH;;E;
A0160;COURGETTE;;;;0000;;;ACH;;E;
A0161;GINGEMBRE;;;;0000;;;ACH;;E;
A0162;OIGNON IMPORT;;;;0000;;;ACH;;E;
A0163;PAPAYE VERTE;;;;0000;;;ACH;;E;
A0164;PASTEQUE;;;;0000;;;ACH;;E;
A0165;PATATE DOUCE;;;;0000;;;ACH;;E;
A0166;PERSIL;;;;0000;;;ACH;;E;
A0167;POIVRON COULEUR;;;;0000;;;ACH;;E;
A0168;POIVRON VERT;;;;0000;;;ACH;;E;
A0169;THYM;;;;0000;;;ACH;;E;
A0170;TOMATE CERISE;;;;0000;;;ACH;;E;
A0171;TOMATE SOUS SERRE;;;;0000;;;ACH;;E;
A0172;SALADE VERTE;;;;0000;;;ACH;;E;
A0173;AMANDES EFFILEES SACHET 1KG;;;;0000;;;ACH;;E;
A0174;AVOCAT AERIEN PRET A DEGUSTER;;;;0000;;;ACH;;E;
A0175;AVOCAT DEMI 500GX12 SURG;;;;0000;;;ACH;;E;
A0176;BUCATINI N°15 1KG DE CECCO;;;;0000;;;ACH;;E;
A0177;CACAHUETE GRILLEE SALEES 1KG;;;;0000;;;ACH;;E;
A0178;CAPRES FINES VINAIGRE BTE 4/4;;;;0000;;;ACH;;E;
A0179;CELERI RAPE LE BRETON 5/1;;;;0000;;;ACH;;E;
A0180;CHAMPIGNON NOIR DESHY TUB 500G;;;;0000;;;ACH;;E;
A0181;CHAMPIGNON PIEDS/MORC 5/1 4.2K;;;;0000;;;ACH;;E;
A0182;CHAPELURE PANKO 9.07KG;;;;0000;;;ACH;;E;
A0183;CHOCOLAT BLANC 33% 3K VALRHONA;;;;0000;;;ACH;;E;
A0184;CHOCOLAT GUANAJA 70% 3K VALRHO;;;;0000;;;ACH;;E;
A0185;CHOCOLAT NOIR 70% 12K VALRHON;;;;0000;;;ACH;;E;
A0186;COCKTAIL FRUIT ROUG 1K SUR BOI;;;;0000;;;ACH;;E;
A0187;COCO RAPEE 1 KG;;;;0000;;;ACH;;E;
A0188;CORNICHON 60/80 BTE 5/1;;;;0000;;;ACH;;E;
A0189;COUSCOUS MOYEN SAC DE 5 KG;;;;0000;;;ACH;;E;
A0190;CUMIN MOULU SACHET 1KG;;;;0000;;;ACH;;E;
A0191;ECHINE DE PORC S/OS FR SURG;;;;0000;;;ACH;;E;
A0192;EMMENTAL BLOC PRES PC 3.7KG;;;;0000;;;ACH;;E;
A0193;EMMENTAL RAPE KAAS 45% BE 1K;;;;0000;;;ACH;;E;
A0194;EPICE A PAELLA SPIGOL 100G;;;;0000;;;ACH;;E;
A0195;FARFALLE 5KGX2 P.ZARA;;;;0000;;;ACH;;E;
A0196;FARFALLE N°93 DE CECCO SAC 3KG;;;;0000;;;ACH;;E;
A0197;FEUILLES DE BRICK X 10 U;;;;0000;;;ACH;;E;
A0198;FILET D'ANCHOIS A L'HUILE 4/4;;;;0000;;;ACH;;E;
A0199;FILM BTE DISTRIBUTRICE 45CM;;;;0000;;;ACH;;E;
A0200;FLEUR SEL GUERANDE POT 1KG;;;;0000;;;ACH;;E;
A0201;FOIE GRAS CANARD ROUGIE 30% 1K;;;;0000;;;ACH;;E;
A0202;FOND BLANC VOLAILLE 800G CHEF;;;;0000;;;ACH;;E;
A0203;FOND BRUN LIE 30L/600G CHEF;;;;0000;;;ACH;;E;
A0204;FRAISE SENGA SENGANA 1KG SURG;;;;0000;;;ACH;;E;
A0205;FROMAGE BLANC 7.8% ISIGNY 500G;;;;0000;;;ACH;;E;
A0206;FROMAGE BREB SAUMURE SALAKI 2K;;;;0000;;;ACH;;E;
A0207;FROMAGE TARTINE CREAM CHEES 1K;;;;0000;;;ACH;;E;
A0208;FROMAGE TARTINE CREAM CHEES 2K;;;;0000;;;ACH;;E;
A0209;FUSILLI (SPIRAL!) 5K X2 P.ZARA;;;;0000;;;ACH;;E;
A0210;GINGEMBRE LAM.MARINE ROSE 1KG;;;;0000;;;ACH;;E;
A0211;GRAINES DE SESAME BLANCHE 1 KG;;;;0000;;;ACH;;E;
A0212;GROS SEL SACHET 1 KG;;;;0000;;;ACH;;E;
A0213;HUILE DE SESAME 50CL;;;;0000;;;ACH;;E;
A0214;HUILE OLIVE EXTRA-V COREYSA 1L;;;;0000;;;ACH;;E;
A0215;HUILE TOURNESOL PET 5L;;;;0000;;;ACH;;E;
A0216;JEUNES EPIS DE MAIS BOITE 1/2;;;;0000;;;ACH;;E;
A0217;JUS D'ORANGE PUREJOY 1L;;;;0000;;;ACH;;E;
A0218;KETCHUP DISTRIBUTEUR 6KG;;;;0000;;;ACH;;E;
A0219;KETCHUP JERRICAN 5 L;;;;0000;;;ACH;;E;
A0220;LEGUMES COUSCOUS 2 5KG SURG;;;;0000;;;ACH;;E;
A0221;MACREUSE PAD HOL PCE 2K SURG;;;;0000;;;ACH;;E;
A0222;MAGRET CANAR 450G VRAC BUL/POL;;;;0000;;;ACH;;E;
A0223;MAIZENA BOITE 700G;;;;0000;;;ACH;;E;
A0224;MANCHON POULET HALAL X10 K SUR;;;;0000;;;ACH;;E;
A0225;MAYONNAISE DISTRIBUTEUR 5 5K;;;;0000;;;ACH;;E;
A0226;MAYONNAISE SEAU DE 5 LITRES;;;;0000;;;ACH;;E;
A0227;MIEL MILLE FLEURS POT 1 KG;;;;0000;;;ACH;;E;
A0228;MIEL MILLE FLEURS SEAU 5KG;;;;0000;;;ACH;;E;
A0229;MIMOLETTE BLOC SOUS VIDE 2.5 K;;;;0000;;;ACH;;E;
A0230;MIX 70-30 MOZZA-EMMENTAL 2K;;;;0000;;;ACH;;E;
A0231;MOUTARDE FORTE DE DIJON 5 KG;;;;0000;;;ACH;;E;
A0232;MOZZARELLA RAPE 40% 3*3*16MM;;;;0000;;;ACH;;E;
A0233;NUTELLA 3K;;;;0000;;;ACH;;E;
A0234;NUTELLA POT 1KG;;;;0000;;;ACH;;E;
A0235;NUTELLA POT 975G;;;;0000;;;ACH;;E;
A0236;OIGNONS FRITS 500G;;;;0000;;;ACH;;E;
A0237;OLIVES NOIRES DENOYAUTEES 5/1;;;;0000;;;ACH;;E;
A0238;OLIVES VERTES DENOYAUTEES 5/1;;;;0000;;;ACH;;E;
A0239;PENNE RIGATE 5KGX2;;;;0000;;;ACH;;E;
A0240;PENNE RIGATE N°41 DE CECCO 3K;;;;0000;;;ACH;;E;
A0241;POIVRE BLANC MOULU 1K;;;;0000;;;ACH;;E;
A0242;POIVRE NOIR/GRIS MOULU 1KG;;;;0000;;;ACH;;E;
A0243;POIVRE VERT BOITE 4/4;;;;0000;;;ACH;;E;
A0244;PULPIZZ BIO CITRON JAUNE 70CL;;;;0000;;;ACH;;E;
A0245;PUREE COCO SEAU DE 10KG;;;;0000;;;ACH;;E;
A0246;PUREE DE FRAISE 1KG REFRIGERE;;;;0000;;;ACH;;E;
A0247;PUREE DE FRAMBOISE 1KG REFRIG;;;;0000;;;ACH;;E;
A0248;PUREE FRAMBOISE SEAU DE 10KG;;;;0000;;;ACH;;E;
A0249;RIGATONI 1KG DE CECCO;;;;0000;;;ACH;;E;
A0250;ROQUEFORT D-LUNE 1.3K;;;;0000;;;ACH;;E;
A0251;SAUCE BBQ BIDON 3.8L;;;;0000;;;ACH;;E;
A0252;SAUCE BBQ GYMA 1L;;;;0000;;;ACH;;E;
A0253;SAUCE SOJA SUCREE AMAKUCHI 15K;;;;0000;;;ACH;;E;
A0254;SAUMON FUME IRAN 1 3K NOR SUR;;;;0000;;;ACH;;E;
A0255;SEL ALIMENTAIRE FIN SAC 25KG;;;;0000;;;ACH;;E;
A0256;SEL FIN SACHET DE 1 KG;;;;0000;;;ACH;;E;
A0257;SEL NITRITE SAC DE 25 KG;;;;0000;;;ACH;;E;
A0258;THON ENTIER NATUREL 3/1;;;;0000;;;ACH;;E;
A0259;THON ENTIER NATUREL 4/4;;;;0000;;;ACH;;E;
A0260;TRANCHE D'AVOCAT 500G SURG;;;;0000;;;ACH;;E;
A0261;TYPE PARMESAN BLOC GRANA;;;;0000;;;ACH;;E;
A0262;TYPE PARMESAN.B250G PAESANO.IT;;;;0000;;;ACH;;E;
A0263;VERMICELLE DE RIZ 5M 375G CHEF;;;;0000;;;ACH;;E;
A0264;VINAIGRE ALCOOL BLANC PET 1L;;;;0000;;;ACH;;E;
A0265;VINAIGRE BALSAMIQU 500ML PZARA;;;;0000;;;ACH;;E;
A0266;VINAIGRE DE VIN ROUGE PET 1 5L;;;;0000;;;ACH;;E;
A0267;BOITE TRAITEUR 6CM TRADISIME;;;;0000;;;ACH;;E;
A0268;PLATEAU TRAITEUR 27*42;;;;0000;;;ACH;;E;
A0269;HUILE DE TRUFFE 1L (unité);;;;0000;;;ACH;;E;
A0270;TRUFFE SAUCE 500G;;;;0000;;;ACH;;E;
A0271;TRUFFE SAUCE 500G (bocal);;;;0000;;;ACH;;E;
A0272;SET BLANC 46X30 ANTI DERAPANT;;;;0000;;;ACH;;E;
A0273;RHUM ISAUTIER CAF VANILLE 70cl;;;;0000;;;ACH;;E;
A0274;FRAISE FRAICHE;;;;0000;;;ACH;;E;
A0275;DEXTROSE SAC DE 25KG;;;;0000;;;ACH;;E;
A0276;GELATINE 240 BLOOM FISH;;;;0000;;;ACH;;E;
A0277;MASQUE FACIAL JETABLE X50U;;;;0000;;;ACH;;E;
A0278;CACAHUETES SALEES KG;;;;0000;;;ACH;;E;
A0279;SAUCISSE FUMEE PORC KG;;;;0000;;;ACH;;E;
A0280;RIZ SUSHI;;;;0000;;;ACH;;E;
A0281;AVOCAT PEI FRAIS;;;;0000;;;ACH;;E;
A0282;BEIGNET CREVETTE NOBASHI CT 5K;;;;0000;;;ACH;;E;
A0283;PORC ECHINE S/OS FR;;;;0000;;;ACH;;E;
A0284;PORC ECHINE S/OS FR ROUSSALY;;;;0000;;;ACH;;E;
A0285;FOURREAU FAST AND GOOD D4588;;;;0000;;;ACH;;E;
A0286;FOURREAU CAP MECHANT (unité);;;;0000;;;ACH;;E;
A0287;GRAND MOULE D4497 (unité);;;;0000;;;ACH;;E;
A0288;MOULE CAP MECHANT D4151;;;;0000;;;ACH;;E;
A0289;PAPIER KRAFT CM N°8 23 8X16 5;;;;0000;;;ACH;;E;
A0290;BARQUETTES PAP PAIN LOT 150;;;;0000;;;ACH;;E;
A0291;FARINE BAGUEPI ORIGINE 25KG;;;;0000;;;ACH;;E;
A0292;FARINE BAGUEPI TRAD 25KG;;;;0000;;;ACH;;E;
A0293;FARINE DE SARRASIN 10KG;;;;0000;;;ACH;;E;
A0294;FARINE EXTRA 25KG;;;;0000;;;ACH;;E;
A0295;FARINE GRUAU 25 KG;;;;0000;;;ACH;;E;
A0296;MELANGES 5 GRAINES SAC 10 KG;;;;0000;;;ACH;;E;
A0297;POUDRE  DE LAIT 26% 25KG;;;;0000;;;ACH;;E;
A0298;NOUILLE SECHE APOLLO WOK 2 4KG;;;;0000;;;ACH;;E;
A0299;BLANC D'OEUF LIQUIDE 1 KG;;;;0000;;;ACH;;E;
A0300;BLANC D'OEUF LIQUIDE 2 KG;;;;0000;;;ACH;;E;
A0301;JAUNE D'OEUF LIQUIDE 1 KG;;;;0000;;;ACH;;E;
A0302;JAUNE D'OEUF LIQUIDE 2 KG;;;;0000;;;ACH;;E;
A0303;OEUF DUR SEAU DE 150 U DE 7 2K;;;;0000;;;ACH;;E;
A0304;OEUF DUR SEAU DE 75 U DE 3 6KG;;;;0000;;;ACH;;E;
A0305;OEUF ENTIER LIQUIDE 5 KG;;;;0000;;;ACH;;E;
A0306;OEUFS ENTIER LIQUIDE 10 KG;;;;0000;;;ACH;;E;
A0307;PAIN TRAITEUR NATUR 20TRX4PQT;;;;0000;;;ACH;;E;
A0308;BAC VITRINE 1L - COLIS 400U;;;;0000;;;ACH;;E;
A0309;BAC VITRINE 2 5L - COLIS 100U;;;;0000;;;ACH;;E;
A0310;BAC VITRINE 5L - COLIS 100U;;;;0000;;;ACH;;E;
A0311;BOL SALADE CARRE 500G RECY/450;;;;0000;;;ACH;;E;
A0312;BOL SALADE CARRE 750G RECY/180;;;;0000;;;ACH;;E;
A0313;COUV DOM POT 25CL RECY CT1600;;;;0000;;;ACH;;E;
A0314;COUV PLAT POT 25CL RECY CT1600;;;;0000;;;ACH;;E;
A0315;COUVERCL BAC VITRINE 1L CT200;;;;0000;;;ACH;;E;
A0316;COUV BAC VITRINE 2 5L CT100;;;;0000;;;ACH;;E;
A0317;COUVERCL BAC VITRINE 5L CT100;;;;0000;;;ACH;;E;
A0318;INSERT POT DESSERT 25CL CT1600;;;;0000;;;ACH;;E;
A0319;MOULE CAKE ALU 1101/100 CT500;;;;0000;;;ACH;;E;
A0320;POT A DESSERT 25 CL RECY CT800;;;;0000;;;ACH;;E;
A0321;ROND OR + NOIR 20CM / 100;;;;0000;;;ACH;;E;
A0322;RUBAN PVC NEUTRE 45MM RHODOIDE;;;;0000;;;ACH;;E;
A0323;THERMOX GEMA ICE M 1000ML CT60;;;;0000;;;ACH;;E;
A0324;AUSTRALINE 5L;;;;0000;;;ACH;;E;
A0325;CREME CANDIA BIB 10L 35%;;;;0000;;;ACH;;E;
A0326;LAIT CADET ROUSSEL 1/2 ECREME;;;;0000;;;ACH;;E;
A0327;FILET THON ALBACORE CAT A KG;;;;0000;;;ACH;;E;
A0328;LONGE ESPADON PREMIUM SURGELE;;;;0000;;;ACH;;E;
A0329;LONGE THON PREMIUM SURGELE;;;;0000;;;ACH;;E;
A0330;THON PREMIUM SURGELE;;;;0000;;;ACH;;E;
A0331;SCIURE DE BOIS KG;;;;0000;;;ACH;;E;
A0332;BLANC D'OEUF PATISSIER 1K COCO;;;;0000;;;ACH;;E;
A0333;BLOC PARMESAN GRANA PAD 29% 4K;;;;0000;;;ACH;;E;
A0334;BLOC PARMESAN GRANLEO 26% 1 2K;;;;0000;;;ACH;;E;
A0335;CAFE SOLUBLE SELEC NESCAF 500G;;;;0000;;;ACH;;E;
A0336;CHOCOLAT BELCOLADE 70%;;;;0000;;;ACH;;E;
A0337;CHOCOLAT BELCOLADE LACTE 35 3%;;;;0000;;;ACH;;E;
A0338;COEUR LONGE THON 1 2/2 4KG UBT;;;;0000;;;ACH;;E;
A0339;CUMIN MOULU SACHET 1KG;;;;0000;;;ACH;;E;
A0340;FILET KANGOUROU TIER 200-300 K;;;;0000;;;ACH;;E;
A0341;FILM ALIMENTAIRE 0 45X300 CT 7;;;;0000;;;ACH;;E;
A0342;FOND DE VOLAILLE BTE 750G CT 6;;;;0000;;;ACH;;E;
A0343;FROMAGE RAPE DESHY 37% 1K ZANE;;;;0000;;;ACH;;E;
A0344;FUMET POISSON 900G D CULIN BTE;;;;0000;;;ACH;;E;
A0345;GRAINE DE SESAME BLANC 1KG;;;;0000;;;ACH;;E;
A0346;GRAINE DE SESAME NOIR 1KG;;;;0000;;;ACH;;E;
A0347;JAUNE D'OEUF SUCRE 1KG;;;;0000;;;ACH;;E;
A0348;MAYONNAISE COLLECTIV 5L COLONA;;;;0000;;;ACH;;E;
A0349;NUTELLA 3KG;;;;0000;;;ACH;;E;
A0350;PARMESAN GRANA 29% ZANETTI 4K;;;;0000;;;ACH;;E;
A0351;PARMESAN RAPE 28% BOITE 1 KG;;;;0000;;;ACH;;E;
A0352;TRIMOLINE SUCRE INVE 11K PATIS;;;;0000;;;ACH;;E;
A0353;CAFE GRAIN C&A LAVAZZA 1K CT6K;;;;0000;;;ACH;;E;
A0354;BARQUETTE 1/2GN (unité);;;;0000;;;ACH;;E;
A0355;BARQUETTE 1/4GN (unité);;;;0000;;;ACH;;E;
A0356;BOBINE FILM PET 12/PP 50 40*40;;;;0000;;;ACH;;E;
A0357;FILM THERMOSOUDEUSE (unité);;;;0000;;;ACH;;E;
A0358;PLATEAU BLANC 1/2 320*260*100;;;;0000;;;ACH;;E;
A0359;PLATEAU BLANC 1/4 260*160*95;;;;0000;;;ACH;;E;
A0360;RHUM CHARRETTE AMBRE 40° 70C;;;;0000;;;ACH;;E;
A0361;CALMAR CONG ANNEA SAC 2 5K IMP;;;;0000;;;ACH;;E;
A0362;CALMAR CONG ANNEA SAC450G VIET;;;;0000;;;ACH;;E;
A0363;CALMAR SUR FLT 200/300 VIET 5K;;;;0000;;;ACH;;E;
A0364;MIET ROUGAIL SAL SECH CHI CT10;;;;0000;;;ACH;;E;
A0365;PERROQ FLET SUR 130G VIET CT10;;;;0000;;;ACH;;E;
A0366;SAUMON CONG FLET 900G CHI CT10;;;;0000;;;ACH;;E;
A0367;SURIMI CONG BAT 20CM CHIN CT5K;;;;0000;;;ACH;;E;
A0368;THON ALBACOR SURG VIETN CT 20K;;;;0000;;;ACH;;E;
A0369;THON ALB LONG SAKU VIET CT 5K;;;;0000;;;ACH;;E;
A0370;THON ALBACOR CONG LONG MADA;;;;0000;;;ACH;;E;
A0371;THON ALBACOR FRAIS LONGE OI;;;;0000;;;ACH;;E;
A0372;DEXTROSE DE BLE EN SAC DE 25KG;;;;0000;;;ACH;;E;
A0373;POUDRE DE LAIT 0% SAC DE 25 KG;;;;0000;;;ACH;;E;
A0374;SIROP GLUCOSE DESHYDRA SAC 25K;;;;0000;;;ACH;;E;
A0375;STABLSANT CREMOD 30 GLACE 25K;;;;0000;;;ACH;;E;
A0376;STABLSANT CREMOD 24 SORBET 20K;;;;0000;;;ACH;;E;
A0377;PULPE SUCREE LETCHIS 75CL X6;;;;0000;;;ACH;;E;
A0378;PULPE SUCREE MANGUE POCHE;;;;0000;;;ACH;;E;
A0379;PULPE SUCREE PASSION BRIQ 1LX6;;;;0000;;;ACH;;E;
A0380;LONGE DE THON ALBACOR 1 2/2KG;;;;0000;;;ACH;;E;
A0381;GOUSSE VANILLE;;;;0000;;;ACH;;E;
A0382;GRAINE DE VANILLE (CAVIAR);;;;0000;;;ACH;;E;
A0383;POIVRE EN GRAINS;;;;0000;;;ACH;;E;
A0384;POUDRE DE VANILLE;;;;0000;;;ACH;;E;
A0385;CUMIN MOULU EXOTIC SACHET 500G;;;;0000;;;ACH;;E;
A0386;DAKATINE 5/1 (4 3KG);;;;0000;;;ACH;;E;
A0387;DAKATINE 850 GRS (4/4);;;;0000;;;ACH;;E;
A0388;EAU DE JAVEL 2L;;;;0000;;;ACH;;E;
A0389;HARICOT COCO 1KG;;;;0000;;;ACH;;E;
A0390;HARICOT ROUGE (MARBRE) 1KG;;;;0000;;;ACH;;E;
A0391;LENTILLE BLONDE 1KG;;;;0000;;;ACH;;E;
A0392;POIS DU CAP 1KG;;;;0000;;;ACH;;E;
A0393;POIVRE NOIR CONCASSE SACHET 1K;;;;0000;;;ACH;;E;
A0394;PUREE DE TOMATE EN BIB 3 KG;;;;0000;;;ACH;;E;
A0395;RIZ PARFUME LA JONQUE KG;;;;0000;;;ACH;;E;
A0396;SAUCE PIZZA MUTTI 5/1 4 1KG;;;;0000;;;ACH;;E;
A0397;SAUCE TOMATES POUR PATES 2 5KG;;;;0000;;;ACH;;E;
A0398;TOMAT CERIS PELE ENTI 3/1 2 5K;;;;0000;;;ACH;;E;
A0399;TOMAT PEL CONC MUTT POL 5/1 4K;;;;0000;;;ACH;;E;
A0400;POUDRE MANIOC BRAND X10KG;;;;0000;;;ACH;;E;
A0401;POUDRE MANIOC X20 KG HUNG;;;;0000;;;ACH;;E;
A0402;POUDRE POULET 2KG X 6;;;;0000;;;ACH;;E;
A0403;POUDRE POULET 900GR X 10;;;;0000;;;ACH;;E;
A0404;SAUCE CHAR SIU 2 55KG;;;;0000;;;ACH;;E;
A0405;SAUCE HOISIN 425G;;;;0000;;;ACH;;E;
A0406;SAUCE HUITRE 5.2KG;;;;0000;;;ACH;;E;
A0407;SAUCE HUITRE 6KG JADE BRIDGE;;;;0000;;;ACH;;E;
A0408;SAUCE HUITRE GOLDE/HEINZ 2 27K;;;;0000;;;ACH;;E;
A0409;SAUCE POISSON 750 GR;;;;0000;;;ACH;;E;
A0410;SAUCE POIVRE NOIR 1 9L HEINZ;;;;0000;;;ACH;;E;
A0411;SAUCE SOJA CHAMP 1 9 JABE BRIQ;;;;0000;;;ACH;;E;
A0412;SAUCE SOJA THIN SOY 2 27KG;;;;0000;;;ACH;;E;
A0413;BTS CARRE+CVL X1000 (T2000);;;;0000;;;ACH;;E;
A0414;PATE A SAMOUSSA;;;;0000;;;ACH;;E;
A0415;FARINE BLEU CLAI 5 STAGION 25K;;;;0000;;;ACH;;E;
A0416;FARINE (BLEUE) 5 STAGIONI 25 K;;;;0000;;;ACH;;E;
A0417;FARINE DE SOJA POUR PIZZA 10 K;;;;0000;;;ACH;;E;
A0418;FARINE INTEGRAL PETRA N9 12 5K;;;;0000;;;ACH;;E;
A0419;FARINE TIPO 0 PETRA 5063 12 5K;;;;0000;;;ACH;;E;
A0420;FARINE UNO SEMI INTEGRALE 25K;;;;0000;;;ACH;;E;
A0421;FARINE (VERTE) 5 STAGIONI 25 K;;;;0000;;;ACH;;E;
A0422;SAUPOUDRE POUR PATE PIZZA 10K;;;;0000;;;ACH;;E;
A0423;SEMOULE DE BLE DUR SAC DE 10K;;;;0000;;;ACH;;E;
A0424;SEMOULE DE BLE DUR SAC DE 25K;;;;0000;;;ACH;;E;
A0425;OIGNON VERT HACHE FRAIS;;;;0000;;;ACH;;E;
A0426;OIGNON VERT HACHEE SURG AU KG;;;;0000;;;ACH;;E;
A0427;CHAR SIU SAUCE COND 2KG X 6 CT;;;;0000;;;ACH;;E;
A0428;CHICKEN POWDER COND 2.20KX10CT;;;;0000;;;ACH;;E;
A0429;HOISIN SAUCE COND 2KG X6/CT;;;;0000;;;ACH;;E;
A0430;MARINADE POULET COND 2KGX6CT;;;;0000;;;ACH;;E;
A0431;RICE VINEGAR COND 620ML 1X12CT;;;;0000;;;ACH;;E;
A0432;SAUCE CLAIRE SOJA SUP 5L X4CT;;;;0000;;;ACH;;E;
A0433;SAUCE D'HUITRE COND 6KG X 4/CT;;;;0000;;;ACH;;E;
A0434;SAUCE SOJA CLAIRE COND 5L X2CT;;;;0000;;;ACH;;E;
A0435;SUSHI GINGER 1.5KG X 10BAGS/CT;;;;0000;;;ACH;;E;
A0436;SUSHI VINEGAR COND.20L;;;;0000;;;ACH;;E;
A0437;THE MENTHE;THE FRUIT ROUGE;;;0000;;;ACH;;E;
A0438;THE CITRON;THE CITRON;;;0000;;;ACH;;E;
A0439;THE PECHE MANGUE;THE MANGUE;;;0000;;;ACH;;E;
A0440;THE FRUIT ROUGE;THE FRUIT ROUGE;;;0000;;;ACH;;E;
A0441;PUREE GOYAVIER CONG 16KG;PUREE GOYAVIER CONG 16KG;;;0000;;;ACH;;E;
A0442;AROME VANILLE 1L;AROME VANILLE 1L;;;0000;;;ACH;;E;
A0443;STABLSANT HELBA C10 GLACE 1KG;STABLSANT HELBA C10 GLACE 1KG;;;0000;;;ACH;;D;
A0444;ARABICA LIQUIDE;CAFE SOLUBLE 200G;;;0000;;;ACH;;E;
A0445;PUREE GOYAVIER PASTEURISEE CON;PUREE GOYAVIER PASTEURISEE CON;;;0000;;;ACH;;E;
A0446;PULPE TANGOR CONGELEE;PULPE TANGOR CONGELEE;;;0000;;;ACH;;E;
A0447;TANGOR;TANGOR;;;0000;;;ACH;;E;
A0448;LYRA 50;LYRA 50;;;0000;;;ACH;;E;
A0449;MENTHE;MENTHE;;;0000;;;ACH;;E;
A045;OIGNON;OIGNON;;;0000;;;ACH;;D;
A0450;ORANGE;ORANGE;;;0000;;;ACH;;E;
A0451;PIMENT;PIMENT;;;0000;;;ACH;;E;
A0452;POIRE;POIRE;;;0000;;;ACH;;E;
A0453;POMME;POMME;;;0000;;;ACH;;E;
A0454;OIGNON VERT;OIGNON VERT;;;0000;;;ACH;;E;
A0455;OIGNON;OIGNON;;;0000;;;ACH;;E;
A0456;RAISINS SECS;RAISINS SECS;;;0000;;;ACH;;E;
RD0001;ASSAISONNEMENT POULET;ASSAISONNEMENT POULET;;;0000;Kg;Kg;VTE;01;E;
RD0002;ASSAISONNEMENT PORC;ASSAISONNEMENT PORC;;;0000;;;VTE;01;E;
RD0003;ASSAISONNEMENT BOEUF;ASSAISONNEMENT BOEUF;;;0000;;;VTE;01;E;
RD0004;SAUCE NOIRE;SAUCE NOIRE;;;0000;;;VTE;01;E;
RD0005;SAUCE DECATHLON;SAUCE DECATHLON;;;0000;;;VTE;01;E;
RD0006;ASSAISONNEMENT GRILLADES;ASSAISONNEMENT GRILLADES;;;0000;;;VTE;01;E;
RD0007;SAUCE POISSON;SAUCE POISSON;;;0000;;;VTE;01;E;
RD0008;SAUCE THAI;SAUCE THAI;;;0000;;;VTE;01;E;
RD0009;SAUCE SARCIVE;SAUCE SARCIVE;;;0000;;;VTE;01;E;
RD0010;SAUCE RIZ CANTONNAIS BLANC;SAUCE RIZ CANTONNAIS BLANC;;;0000;;;VTE;01;E;
RD0011;SAUCE MINES ET RIZ CANTONNAIS;SAUCE MINES ET RIZ CANTONNAIS;;;0000;;;VTE;01;E;
RD00116;SAUCE KATSU;SAUCE KATSU;;;0000;;;VTE;01;D;
RD0012;SAUCE YAKITORI;SAUCE YAKITORI;;;0000;;;VTE;01;E;
RD0013;SAUCE PANENG;SAUCE PANENG;;;0000;;;VTE;01;E;
RD0014;SAUCE CURRY VERT;SAUCE CURRY VERT;;;0000;;;VTE;01;E;
RD0015;SAUCE AIL THYM;SAUCE AIL THYM;;;0000;;;VTE;01;E;
RD0016;SAUCE KATSU;SAUCE KATSU;;;0000;;;VTE;01;E;
RD0017;SAUCE BOL RENVERSE;SAUCE BOL RENVERSE;;;0000;;;VTE;01;E;
RD0018;SAUCE BOEUF CARREFOUR;SAUCE BOEUF CARREFOUR;;;0000;;;VTE;01;E;
RD0019;SAUCE GROS PIMENT;SAUCE GROS PIMENT;;;0000;;;VTE;01;E;
RD0020;SAUCE GROS PIMENT PIZZA;SAUCE GROS PIMENT PIZZA;;;0000;;;VTE;01;E;
RD0021;ASSAISONNEMENT LEGUMES ROTIS;ASSAISONNEMENT LEGUMES ROTIS;;;0000;;;VTE;01;E;
RD0022;ASSAISONNEMENT LEGUMES SAUTES;ASSAISONNEMENT LEGUMES SAUTES;;;0000;;;VTE;01;E;
RD0023;KIR RIZ AUX OEUFS;KIR RIZ AUX OEUFS;;;0000;;;VTE;01;E;
RD0024;MELANGE POUR RIZ FRIT ET CANTO;MELANGE POUR RIZ FRIT ET CANTO;;;0000;;;VTE;01;E;
RD0025;EPICES BECHAMEL MAISON;EPICES BECHAMEL MAISON;;;0000;;;VTE;01;E;
RD0026;VINAIGRE DE RIZ A SUSHI;VINAIGRE DE RIZ A SUSHI;;;0000;;;VTE;01;E;
RD0027;VINAIGRETTE COLESLAW;VINAIGRETTE COLESLAW;;;0000;;;VTE;01;E;
RD0028;VINAIGRETTE JAPONAISE;VINAIGRETTE JAPONAISE;;;0000;;;VTE;01;E;
RD0029;VINAIGRETTE LAAB;VINAIGRETTE LAAB;;;0000;;;VTE;01;E;
RD0030;SAUCE PAD THAI - DLC A RENSEIG;SAUCE PAD THAI;;;0000;;;VTE;01;E;
RD0031;CREME FROMAGERE - DLC A RENSEI;CREME FROMAGERE;;;0000;;;VTE;01;E;
RD0032;PESEE BEIGNETS PDT MORUE;PESEE BEIGNETS PDT MORUE;;;0000;;;VTE;01;E;
RD0033;PESEE BEIGNETS CAROTTES;PESEE BEIGNETS CAROTTES;;;0000;;;VTE;01;E;
RD0034;PESEE POUR NEMS;PESEE POUR NEMS;;;0000;;;VTE;01;E;
RD0035;PESEE POUR FRIAND POULET;PESEE POUR FRIAND POULET;;;0000;;;VTE;01;E;
RD0036;PESEE POUR BEIGNET FAP ET SONG;PESEE POUR BEIGNET FAP ET SONG;;;0000;;;VTE;01;E;
RD0037;PESEE POUR ACCRAS POIS DU CAP;PESEE POUR ACCRAS POIS DU CAP;;;0000;;;VTE;01;E;
RD0038;PESEE NUGGETS CORDON ET STICKS;PESEE NUGGETS CORDON ET STICKS;;;0000;;;VTE;01;E;
RD0039;PESEE POUR BOUCHEE VAPEUR;PESEE POUR BOUCHEE VAPEUR;;;0000;;;VTE;01;E;
RD0040;PESEE POUR MANTI CREVETTE;PESEE POUR MANTI CREVETTE;;;0000;;;VTE;01;E;
S0001;PUREE GOYAVIER DECONGELEE;PUREE GOYAVIER DECONGELEE 16KG;;;0000;;;ACH;;E;
S0002;BASE NEUTRE GLACE;BASE NEUTRE GLACE;;;0000;;;ACH;;E;
S0003;BASE GLACE COCO;BASE GLACE COCO;;;0000;;;ACH;;E;
S0004;PUREE COCO DECONGELEE;PUREE COCO DECONGELEE;;;0000;;;ACH;;E;
S0005;PUREE GOYAVIER PASTEURISEE DEC;PUREE GOYAVIER PASTEURISEE DEC;;;0000;;;ACH;;E;
S0006;PULPE TANGOR DECONGELEE;PULPE TANGOR DECONGELEE;;;0000;;;ACH;;E;
S0007;TANGOR DECONTAMINE;TANGOR DECONTAMINE;;;0000;;;ACH;;E;
S0008;AVOCAT DECONTAMINE;AVOCAT DECONTAMINE;;;0000;;;ACH;;E;
S0009;AUBERGINE DECONTAMINEE;AUBERGINE DECONTAMINEE;;;0000;;;ACH;;E;
S0010;BETTERAVE DECONTAMINEE;BETTERAVE DECONTAMINEE;;;0000;;;ACH;;E;
S0011;BREDE DECONTAMINEE;BREDE DECONTAMINEE;;;0000;;;ACH;;E;
S0012;BUTTERNUT DECONTAMINE;BUTTERNUT DECONTAMINE;;;0000;;;ACH;;E;
S0013;CAROTTE DECONTAMINEE;CAROTTE DECONTAMINEE;;;0000;;;ACH;;E;
S0014;CHOU DECONTAMINE;CHOU DECONTAMINE;;;0000;;;ACH;;E;
S0015;CHOUCHOU DECONTAMINE;CHOUCHOU DECONTAMINE;;;0000;;;ACH;;E;
S0016;CITRON DECONTAMINE;CITRON DECONTAMINE;;;0000;;;ACH;;E;
S0017;CONCOMBRE DECONTAMINE;CONCOMBRE DECONTAMINE;;;0000;;;ACH;;E;
S0018;COURGETTE DECONTAMINEE;COURGETTE DECONTAMINEE;;;0000;;;ACH;;E;
S0019;GINGEMBRE DECONTAMINE;GINGEMBRE DECONTAMINE;;;0000;;;ACH;;E;
S0020;MENTHE DECONTAMINEE;MENTHE DECONTAMINE;;;0000;;;ACH;;E;
S0021;OIGNON VERT  DECONTAMINE;OIGNON VERT  DECONTAMINE;;;0000;;;ACH;;E;
S0022;OIGNON DECONTAMINE;OIGNON DECONTAMINE;;;0000;;;ACH;;E;
S0023;ORANGE DECONTAMINEE;ORANGE DECONTAMINEE;;;0000;;;ACH;;E;
S0024;PATATE DOUCE DECONTAMINEE;PATATE DOUCE DECONTAMINEE;;;0000;;;ACH;;E;
S0025;PERSIL DECONTAMINE;PERSIL DECONTAMINE;;;0000;;;ACH;;E;
S0026;PIMENT DECONTAMINE;PIMENT DECONTAMINE;;;0000;;;ACH;;E;
S0027;POIRE DECONTAMINEE;POIRE DECONTAMINEE;;;0000;;;ACH;;E;
S0028;POIVRON DECONTAMINE;POIVRON DECONTAMINE;;;0000;;;ACH;;E;
S0029;POMME DECONTAMINEE;POMME DECONTAMINEE;;;0000;;;ACH;;E;
S0030;SALADE DECONTAMINEE;SALADE DECONTAMINEE;;;0000;;;ACH;;E;
S0031;THYM DECONTAMINE;THYM DECONTAMINE;;;0000;;;ACH;;E;
S0032;TOMATE CERISE DECONTAMINE;TOMATE CERISE DECONTAMINE;;;0000;;;ACH;;E;
S0033;TOMATE DECONTAMINE;TOMATE DECONTAMINE;;;0000;;;ACH;;E;
S0034;MACERATION RHUM RAISINS CONGEL;MACERATION RHUM RAISINS;;;0000;;;ACH;;E;
S0035;FILET PERROQUET DECONGELE;FILET PEROOQUET DECONGELE;;;0000;;;ACH;;E;
S0036;FILET DE KANGOUROU DECONGELE;FILET DE KANGOUROU DECONGELE;;;0000;;;ACH;;E;
S0037;MAGRET DE CANARD DECONGELE;MAGRET DE CANARD DECONGELE;;;0000;;;ACH;;E;
S0038;ECHINE DE PORC DECONGELEE;ECHINE DE PORC DECONGELEE;;;0000;;;ACH;;E;
S0039;MACREUSE DE BOEUF DECONGELEE;ECHINE DE PORC DECONGELEE;;;0000;;;ACH;;E;
S0040;MANCHON POULET DECONGELE;MANCHON POULET DECONGELE;;;0000;;;ACH;;E;
S0041;THON BUFFET DECONGELE;THON BUFFET DECONGELE;;;0000;;;ACH;;E;
S0042;THYM DECONTAMINE CONGELE;THYM DECONTAMINE CONGELE;;;0000;;;ACH;;E;
S0043;THYM DECONTAMINE DECONGELE;THYM DECONTAMINE DECONGELE;;;0000;;;ACH;;E;
S0044;POULET CAESAR CUIT S/V;POULET CAESAR CUIT S/V;;;0000;;;ACH;;E;
S0045;POULET CAESAR CUIT S/V CONGELE;POULET CAESAR CUIT S/V CONGELE;;;0000;;;ACH;;E;
S0046;POULET CAESAR CUIT S/V DECONGE;POULET CAESAR CUIT S/V DECONGE;;;0000;;;ACH;;E;
S0047;SAUMON CRU A SUSHI DECONGELE;LONGE SAUMON SUSHI DECONGELEE;;;0000;;;ACH;;E;
S0048;SASHIMI SAUMON CRU DECONGELE;SASHIMI SAUMON DECONGELE;;;0000;;;ACH;;E;
S0049;CUBE SAUMON CRU DECONGELE;CUBE SAUMON CRU DECONGELE;;;0000;;;ACH;;E;
S0050;BARRE SAUMON MAKI CRU DECONGEL;BARRE SAUMON MAKI CRU DECONGEL;;;0000;;;ACH;;E;
S0051;THON CRU A SUSHI DECONGELE;THON CRU A SUSHI DECONGELE;;;0000;;;ACH;;E;
S0052;SASHIMI THON CRU DECONGELE;SASHIMI THON CRU DECONGELE;;;0000;;;ACH;;E;
S0053;CUBE THON CRU DECONGELE;CUBE THON CRU DECONGELE;;;0000;;;ACH;;E;
S0054;BARRE THON MAKI CRU DECONGEL;BARRE THON MAKI CRU DECONGEL;;;0000;;;ACH;;E;
S0055;THON CONGELE ANISAKIS 48H MIN;THON CONGELE ANISAKIS 48H MIN;;;0000;;;ACH;;E;
S0056;CREAMCHEESE DECONDITIONNE;CREAMCHEESE DECONDITIONNE;;;0000;;;ACH;;E;
S0057;GINGEMBRE CONFIT DECONDITIONNE;GINGEMBRE CONFIT DECONDITIONNE;;;0000;;;ACH;;E;
S0058;OIGNONS FRITS DECONDITIONNES;OIGNONS FRITS DECONDITIONNES;;;0000;;;ACH;;E;
S0059;SESAME DECONDITIONNE;SESAME DECONDITIONNE;;;0000;;;ACH;;E;
S0060;SURIMI SUSHI DECONGELE;SURIMI SUSHI DECONGELE;;;0000;;;ACH;;E;
S0061;MAYONNAISE EPICEE;MAYONNAISE EPICEE;;;0000;;;ACH;;E;
S0062;DAKATINE EPICEE;DAKATINE EPICEE;;;0000;;;ACH;;E;
S0063;RIZ VINAIGRE A SUSHI;RIZ VINAIGRE A SUSHI;;;0000;;;ACH;;E;
V0001;THE FRUIT ROUGE;THE FRUIT ROUGE;;;0000;L;L;VTE;01;E;THE
V0002;THE MENTHE;THE MENTHE;;3416510001548;0001;L;L;VTE;01;E;THE
V0003;THE PECHE MANGUE;THE MANGUE;;;0000;L;L;VTE;01;E;THE
V0004;THE CITRON;THE CITRON;;;0000;L;L;VTE;01;E;THE
V0005;JUS MANGUE PASSION;JUS MANGUE PASSION;;;0000;L;L;VTE;01;E;JUS
V0006;JUS GOYAVIER;JUS GOYAVIER;;;0000;L;L;VTE;01;E;JUS
V0007;SIROP DE CHANTILLY;SIROP DE CHANTILLY;;;0000;L;L;VTE;01;E;JUS
V0008;GLACE VANILLE BUFFET;GLACE VANILLE BUFFET;;;0000;L;L;VTE;01;E;GLS
V0009;GLACE CHOCOLAT BUFFET;GLACE CHOCOLAT BUFFET;;;0000;L;L;VTE;01;E;GLS
V0010;GLACE COCO BUFFET;GLACE COCO BUFFET;;;0000;L;L;VTE;01;E;GLS
V0011;GLACE CAFE BUFFET;GLACE CAFE BUFFET;;;0000;L;L;VTE;01;E;GLS
V0012;SORBET GOVAVIER  BUFFET;SORBET GOVAVIER  BUFFET;;;0000;L;L;VTE;01;E;GLS
V0013;SORBET TANGOR  BUFFET;SORBET TANGOR  BUFFET;;;0000;L;L;VTE;01;E;GLS
V0014;SORBET MANGUE  BUFFET;SORBET MANGUE  BUFFET;;;0000;L;L;VTE;01;E;GLS
V0015;GLACE FRAMBOISE 170G;GLACE FRAMBOISE 170G;;;0000;L;L;VTE;01;E;GLS
V0016;GLACE VANILLE 700 mL;GLACE VANILLE 170G;;;0000;L;L;VTE;01;E;GLS
V0017;GLACE CAFE 700 mL;GLACE CAFE 170G;;;0000;L;L;VTE;01;E;GLS
V0018;GLACE CHOCOLAT 700 mL;GLACE CHOCOLAT 170G;;;0000;L;L;VTE;01;E;GLS
V0019;GLACE RHUM RAISIN 700 mL;GLACE RHUM RAISIN 170G;;;0000;L;L;VTE;01;E;GLS
V0020;GLACE COCO 700 mL;GLACE COCO 170G;;;0000;L;L;VTE;01;E;GLS
V0021;SORBET MANGUE PASSION 700 mL;SORBET MANGUE PASSION 170G;;;0000;L;L;VTE;01;E;GLS
V0022;SORBET GOYAVIER 700 mL;SORBET GOYAVIER 700 mL;;;0000;L;L;VTE;01;E;GLS
V0023;POISSON ASSAISONNE (kg);POISSON ASSAISONNE (kg);;;0000;Kg;Kg;VTE;01;E;POA
V0024;FILET KANGOUROU GRILLADES (kg);FILET KANGOUROU GRILLADES (kg);;;0000;Kg;Kg;VTE;01;E;VIA
V0025;MAGRET CANARD GRILLADES (kg);MAGRET CANARD GRILLADES (kg);;;0000;Kg;Kg;VTE;01;E;VIA
V0026;POULET ASSAISONNE EMINCE (kg);POULET ASSAISONNE EMINCE (kg);;;0000;Kg;Kg;VTE;01;E;VIA
V0027;PORC ASSAISONNE EMINCE (kg);PORC ASSAISONNE EMINCE (kg);;;0000;Kg;Kg;VTE;01;E;VIA
V0028;BOEUF ASSAISONNE EMINCE (kg);BOEUF ASSAISONNE EMINCE (kg);;;0000;Kg;Kg;VTE;01;E;VIA
V0029;WINGS GRILLADES (kg);WINGS GRILLADES (kg);;;0000;Kg;Kg;VTE;01;E;VIA
V0030;THON GRILLADES (kg);THON GRILLADES (kg);;;0000;Kg;Kg;VTE;01;E;POA
V0031;POULET DECATHLON (kg);POULET DECATHLON (kg);;;0000;Kg;Kg;VTE;01;E;VIA
V0032;POULET GRILLADES (kg);POULET GRILLADES (kg);;;0000;Kg;Kg;VTE;01;E;VIA
V0033;POULET SARCIVES (kg);POULET SARCIVES (kg);;;0000;Kg;Kg;VTE;01;E;VIA
ZCAKE01;CAKE ORANGE;CAKE ORANGE;;;0000;P;P;VTE;02;E;
ZCAR01;CARRI POULET;CARRI POULET;;;0000;Kg;Kg;VTE;03;E;
ZSAL01;SALADE CRUDITE JAMB EMMENTAL;SALADE 01;;;0000;P;P;VTE;01;E;
ZSF0001;PATE SUCRE;PATE SUCRE;;;0000;;;VTE;;E;
ZSF0002;CREME PATISSIERE;CREME PATISSIERE;;;0000;;;VTE;;E;
ZSF0003;CONFIT DE FRAISE;CONFIT DE FRAISE;;;0000;;;VTE;;E;
ZSF0004;CREME DIPLOMATE;CREME DIPLOMATE;;;0000;;;VTE;;E;
ZSF0005;CREME AMANDE;CREME AMANDE;;;0000;;;VTE;;E;
ZTAR;TARTE FRAISE 1P;TARTE FRAISE 1P;;;0000;P;P;VTE;01;E;
ZTAR02;TARTE FRAISE 6P;TARTE FRAISE 6P;;;0000;P;P;VTE;01;E;
ZZARTVIF;Article VIFOpération prépa. VI;;;;0000;;;ACH;;D;